<configuration>

    <!-- Define appenders -->
    <!--    <appender name="myConsole" class="ch.qos.logback.core.ConsoleAppender">-->
    <!--        <encoder>-->
    <!--            <pattern>%highlight([%thread]) %highlight(%-5level) %logger{40} - %highlight(%msg) %d{dd/MM/YYYY HH:mm:ss} %n</pattern>-->
    <!--        </encoder>-->
    <!--    </appender>-->

    <!-- Define file appender -->
<!--    <appender name="myLogs" class="ch.qos.logback.core.FileAppender">-->
<!--        &lt;!&ndash;        <file>C:/Users/xxbhatka/Documents/Review/log/app.log</file> &lt;!&ndash; Define log file name and path &ndash;&gt;&ndash;&gt;-->
<!--        <file>C:/Users/xxbhatka/Documents/JavaDatabase/Employee Review/ReviewLog/app.log</file>-->

<!--        <encoder>-->
<!--            <pattern>%d{HH:mm:ss.SSS} %highlight([%thread]) %-5level %logger{36} - %highlight(%msg) %n</pattern>-->
<!--        </encoder>-->
<!--    </appender>-->


    <appender name="myLogs" class="ch.qos.logback.core.rolling.RollingFileAppender">
        <file>C:/Users/xxbhatka/Documents/JavaDatabase/Employee Review/RollingLogs/ReviewLog/app.log</file> <!-- Define log file name and path -->

        <rollingPolicy class="ch.qos.logback.core.rolling.SizeAndTimeBasedRollingPolicy">
            <fileNamePattern>C:/Users/xxbhatka/Documents/Review/LogTry/applog/app-%d{yyyy-MM-dd}.%i.log</fileNamePattern>
            <maxFileSize>5KB</maxFileSize> <!-- Define the maximum file size(once the log file reaches 5 kilobytes in size, it will be rolled over to a new file.) -->
            <totalSizeCap>6KB</totalSizeCap> <!-- Total size cap for all log files( once the total size of all log files exceeds 6KB, the oldest log files will be deleted to make room for new ones.) -->
            <maxHistory>1</maxHistory> <!-- Keep up to 30 days of logs(up to 1 historical log files will be retained. Older log files beyond this limit will be deleted.) -->
        </rollingPolicy>

        <encoder>
            <pattern>%d{HH:mm:ss.SSS} %highlight([%thread]) %-5level %logger{36} - %highlight(%msg)  %n</pattern>
        </encoder>
    </appender>

    <!-- Define archive appender -->
    <appender name="myLogsArchive" class="ch.qos.logback.core.rolling.RollingFileAppender">
        <file>C:/Users/xxbhatka/Documents/JavaDatabase/Employee Review/RollingLogs/ReviewLogZip/archive/app.log</file>
        <rollingPolicy class="ch.qos.logback.core.rolling.SizeAndTimeBasedRollingPolicy">
            <fileNamePattern>C:/Users/xxbhatka/Documents/Review/LogTry/archive/app-%d{yyyy-MM-dd}.%i.log.zip</fileNamePattern>
            <maxFileSize>3KB</maxFileSize> <!-- Define the maximum file size -->
            <totalSizeCap>3KB</totalSizeCap> <!-- Total size cap for all log files -->
            <maxHistory>1</maxHistory> <!-- Keep up to 30 days of logs -->
        </rollingPolicy>
        <encoder>
            <pattern>%d{HH:mm:ss.SSS} %highlight([%thread]) %-5level %logger{36} - %highlight(%msg) %n</pattern>
        </encoder>
    </appender>

    <!-- Root logger settings -->
<!--    <root level="INFO">-->
<!--        &lt;!&ndash;        <appender-ref ref="myConsole" />&ndash;&gt;-->
<!--        <appender-ref ref="myLogs" /> &lt;!&ndash; Attach file appender &ndash;&gt;-->
<!--    </root>-->

    <root level="INFO">
        <appender-ref ref="myLogs" /> <!-- Attach file appender -->
        <appender-ref ref="myLogsArchive" /> <!-- Attach archive appender -->
    </root>

</configuration>